,sample_id,regression_prediction,classification_prediction
0,78-79-5,0.9230510269875591,1
1,16606-02-3,4.070890210736426,2
2,111-44-4,1.1970099461221695,1
3,107-05-1,0.8416401105103488,1
4,555-03-3,0.7176270291543658,1
5,63-25-2,1.2345223126944946,3
6,82657-04-3,2.868331878470971,3
7,18854-01-8,2.3193530196720356,3
8,87-65-0,1.8541878218982033,1
9,149-30-4,1.897956966898338,1
10,148-79-8,1.3943472808901625,1
11,1502-22-3,1.9227571711510794,2
12,104-40-5,2.926247897195865,3
13,18181-70-9,2.5457424412881453,3
14,80-43-3,2.4153698604820235,3
15,2104-96-3,2.501519299961861,3
16,606-20-2,0.890973949296141,3
17,4101-68-2,2.992403783867382,3
18,126-72-7,2.4169840832495355,3
19,2051-24-3,5.151976900831524,2
20,75-71-8,1.1417947135007596,1
21,128-37-0,1.9971837561059216,3
22,612-22-6,1.5174362881849133,2
23,1702-17-6,0.9742427363147792,1
24,132-65-0,2.6577034294940205,3
25,121552-61-2,1.7295081371942538,1
26,105512-06-9,2.1167159315191872,3
27,61213-25-0,2.0763228586890614,1
28,4685-14-7,1.1516387950257903,1
29,23184-66-9,1.8690114993371862,3
30,33423-92-6,3.017025886504852,3
31,57057-83-7,1.8208628017769422,3
32,4904-61-4,2.584847674728504,3
33,60168-88-9,2.282269799975235,3
34,84-65-1,1.2935285248467614,3
35,135-88-6,2.107281631081602,1
36,541-73-1,2.4035825023836037,1
37,108-38-3,1.7030858345542894,1
38,122-39-4,1.816443553395838,1
39,75-35-4,0.8385227849855816,1
40,24019-05-4,1.422904742439342,3
41,55179-31-2/70585-36-3,2.235041332883742,3
42,87-61-6,2.9636564937291503,1
43,634-90-2,3.441564458243846,2
44,142-96-1,1.4292451239670512,3
45,72-55-9,4.417091399190956,2
46,39227-58-2,2.636847304085706,3
47,90-12-0,2.3605018089516276,1
48,583-39-1,1.3155301328473297,1
49,62-73-7,0.9237055380532424,1
50,1861-32-1,2.3202133300076806,3
51,"504-03-0,766-17-6",0.8940535042099089,3
52,226-36-8,2.0338366112244994,3
53,527-60-6,1.392921918702911,3
54,78-87-5,1.439717794357355,1
55,938-22-7,2.9235376051600364,3
56,100-02-7,0.518451802144094,1
57,732-26-3,2.30006989234467,3
58,32774-16-6,4.8788417554463335,2
59,67028-18-6,3.032541760615936,3
60,92-94-4,3.3061749307169945,3
61,108-67-8,2.1082983055726148,1
62,55720-37-1,3.7507748203240308,2
63,101-77-9,1.5989282984709892,1
64,2303-17-5,1.3460540891420971,1
65,50-29-3,4.493154198800118,2
66,2216-69-5,1.7008976224038759,3
67,94361-06-5,2.231374020635832,3
68,30746-58-8,3.0359801140953904,3
69,111-84-2,2.7767884573261603,3
70,78-40-0,0.7202029116079842,1
71,41464-51-1,4.704217301364153,2
72,75-09-2,0.1594320911981516,1
73,33284-53-6,4.484221157543808,2
74,88-89-1,0.484471282493677,1
75,156052-68-5,2.070355821685471,3
76,26530-20-1,1.737201262098754,3
77,50512-35-1,1.627051985138901,3
78,115-90-2,1.9179700831953257,3
79,39227-28-6,3.1888312820143248,3
80,2497-07-6,1.6332311964792678,1
81,52315-07-8,2.6045806989130864,3
82,28249-77-6,1.8021510221635442,3
83,15968-05-5,4.515174488077286,2
84,35065-28-2,4.889287179847161,2
85,96-91-3,0.4908964244878249,1
86,102-71-6,0.04735879950489719,2
87,330-55-2,1.5895185445608635,1
88,1740-19-8,2.6067022075251978,3
89,56425-91-3,1.4858039579402584,3
90,78-48-8,2.687620774286261,1
91,95-95-4,2.3920027421353156,1
92,121-44-8,0.8997638376809876,3
93,26087-47-8,2.3749774912520847,2
94,131983-72-7,0.5428462920212644,2
95,40186-71-8,5.125146712708644,2
96,2498-66-0,1.7671557470586698,3
97,77-47-4,2.8230336007290746,3
98,122-14-5,2.199689933629503,2
99,76-44-8,4.011005594478563,1
100,482-89-3,1.506272052058205,3
101,41483-43-6,1.7385528228506462,3
102,72178-02-0,1.9335399232783361,3
103,23135-22-0,-0.3650526550500295,1
104,2051-62-9,3.104117753301464,1
105,86-50-0,0.8469835854791494,3
106,132-64-9,1.716008500657383,3
107,50375-10-5,2.6106312112131387,1
108,137-26-8,0.5251625805572053,1
109,66735-04-4,2.3578217393913206,3
110,123251-96-7,2.06796081202559,3
111,35367-38-5,1.9991868504006125,1
112,52918-63-5,2.7827033122952356,3
113,79622-59-6,2.5566462456725656,3
114,35065-29-3,5.02683453257976,2
115,1623-19-4,0.8602560245426623,3
116,53-70-3,3.5246371496785915,3
117,110-91-8,-0.42730208078207,2
118,832-69-9,2.861875497854375,3
119,81-14-1,2.8306000837586884,3
120,23103-98-2,0.9997096817589957,1
121,92-84-2,1.736181567342613,1
122,2104-64-5,2.6390263989989227,3
123,10605-21-7,0.49972803174652225,1
124,120928-09-8,2.3345147281808845,3
125,161050-58-4,2.55561785447805,3
126,2255-17-6,2.136125020209093,2
127,126833-17-8,1.9514633660916503,3
128,54135-81-8,2.2926598445062036,3
129,15862-07-4,4.072041134320857,2
130,59080-33-0,4.0594365491066045,2
131,20020-02-4,4.229939457935323,2
132,1490-04-6/2216-51-5,1.3933889102181887,3
133,26259-45-0,1.5272115103464756,3
134,2631-40-5,1.369201155613128,3
135,6130-75-2,2.609542278988633,1
136,61328-46-9,3.6995984994402527,2
137,110-85-0,-0.06183353585959561,2
138,103-44-6,1.6145537629351585,3
139,1805-32-9,1.7899091370543818,1
140,119-61-9,2.057873382940806,3
141,75-15-0,0.04498930241855437,1
142,75-98-9,0.4860006357699804,1
143,82-44-0,1.7774313178789463,3
144,40487-42-1,2.15223909014885,3
145,125116-23-6,2.2613859335559323,3
146,108-70-3,2.9344833830733394,1
147,2050-74-0,3.2790399791768547,1
148,117-79-3,1.609064321284666,2
149,34256-82-1,1.7997856654450644,3
150,115-77-5,-0.9546298261054241,1
151,41464-40-8,4.472411500651692,2
152,89-59-8,1.4349640562597852,1
153,88-75-5,0.5082068595814813,1
154,41083-11-8,2.8451420029468295,3
155,782-74-1,2.659034178486377,1
